author,text,pictures,comments
"Elon Musk","Just had a great meeting with the SpaceX team. Mars, here we come!","","[{""author"":""SpaceFan123"",""text"":""Can't wait to see it!"",""date"":""2023-09-10""},{""author"":""MarsEnthusiast"",""text"":""When's the launch date?"",""date"":""2023-09-11""}]"
"Barack Obama","Proud to see the next generation making a difference in their communities.","","[{""author"":""InspireMe"",""text"":""You inspire us!"",""date"":""2023-09-12""},{""author"":""CommunityHelper"",""text"":""Thank you for your leadership."",""date"":""2023-09-13""}]"
"Satya Nadella","Announcing the latest updates to Microsoft Teams, improving collaboration for everyone.","","[{""author"":""TechGuru"",""text"":""Looking forward to trying this out!"",""date"":""2023-09-14""},{""author"":""OfficeUser"",""text"":""Will this be available in the free version?"",""date"":""2023-09-15""}]"
"Sundar Pichai","Excited about the advancements in AI and what it means for the future.","","[{""author"":""AIEnthusiast"",""text"":""AI is the future!"",""date"":""2023-09-16""},{""author"":""Skeptic"",""text"":""What about the ethical implications?"",""date"":""2023-09-17""}]"
"Tim Cook","Introducing the new iPhone. Our most powerful device yet.","","[{""author"":""AppleFan"",""text"":""Take my money!"",""date"":""2023-09-18""},{""author"":""AndroidUser"",""text"":""What's new this time?"",""date"":""2023-09-19""}]"
"Jeff Bezos","Proud of the Blue Origin team for their latest successful test flight.","","[{""author"":""SpaceLover"",""text"":""Great achievement!"",""date"":""2023-09-20""},{""author"":""ConcernedCitizen"",""text"":""Can we focus on Earth first?"",""date"":""2023-09-21""}]"
"Jack Dorsey","Working on new features to improve conversation health on Twitter.","","[{""author"":""Tweeter"",""text"":""Much needed!"",""date"":""2023-09-22""},{""author"":""Critic"",""text"":""Hope it works this time."",""date"":""2023-09-23""}]"
"Donald J. Trump","Just had a tremendous meeting, big things are coming!","","[{""author"":""Supporter"",""text"":""We believe in you!"",""date"":""2023-09-24""},{""author"":""Skeptic"",""text"":""What are the details?"",""date"":""2023-09-25""}]"
"Bill Gates","Reading a fascinating book about climate change solutions.","","[{""author"":""EcoWarrior"",""text"":""Can you share the title?"",""date"":""2023-09-26""},{""author"":""ScienceFan"",""text"":""Looking forward to your thoughts on it."",""date"":""2023-09-27""}]"
"Mark Zuckerberg","Exploring new virtual reality technologies to connect people globally.","","[{""author"":""VRGeek"",""text"":""Can't wait to see what's next!"",""date"":""2023-09-28""},{""author"":""PrivacyConcerned"",""text"":""Hope privacy is a priority."",""date"":""2023-09-29""}]"
"Elon Musk","Tesla is expanding to new markets. Electric future is bright!","","[{""author"":""EVFan"",""text"":""Amazing news!"",""date"":""2023-09-30""},{""author"":""Investor"",""text"":""Time to buy more stocks?"",""date"":""2023-10-01""}]"
"Barack Obama","Michelle and I are excited to announce our new educational initiative.","","[{""author"":""Educator"",""text"":""This is wonderful!"",""date"":""2023-10-02""},{""author"":""Student"",""text"":""How can we get involved?"",""date"":""2023-10-03""}]"
"Satya Nadella","Celebrating the opening of our new data center in Europe.","","[{""author"":""Techie"",""text"":""Microsoft is growing!"",""date"":""2023-10-04""},{""author"":""PrivacyAdvocate"",""text"":""Hope data security is top-notch."",""date"":""2023-10-05""}]"
"Sundar Pichai","Honored to be at the Google Science Fair, inspiring young minds.","","[{""author"":""YoungScientist"",""text"":""Thank you for supporting us!"",""date"":""2023-10-06""},{""author"":""Parent"",""text"":""Great initiative!"",""date"":""2023-10-07""}]"
"Tim Cook","Our commitment to environmental sustainability is stronger than ever.","","[{""author"":""GreenEarth"",""text"":""Way to go, Apple!"",""date"":""2023-10-08""},{""author"":""Skeptic"",""text"":""Actions speak louder than words."",""date"":""2023-10-09""}]"
"Jeff Bezos","Amazon is investing in renewable energy projects worldwide.","","[{""author"":""EcoFriendly"",""text"":""This is fantastic news!"",""date"":""2023-10-10""},{""author"":""Worker"",""text"":""What about employee conditions?"",""date"":""2023-10-11""}]"
"Jack Dorsey","Excited to share that we're launching new tools for small businesses.","","[{""author"":""Entrepreneur"",""text"":""This will help us a lot!"",""date"":""2023-10-12""},{""author"":""SmallBizOwner"",""text"":""Looking forward to it!"",""date"":""2023-10-13""}]"
"Donald J. Trump","We are bringing jobs back and making our economy stronger than ever!","","[{""author"":""Supporter"",""text"":""Keep up the good work!"",""date"":""2023-10-14""},{""author"":""Critic"",""text"":""Where are the details?"",""date"":""2023-10-15""}]"
"Bill Gates","Just visited a project in Africa working on eradicating malaria.","","[{""author"":""HealthWorker"",""text"":""Thank you for your support!"",""date"":""2023-10-16""},{""author"":""GlobalCitizen"",""text"":""Great initiative!"",""date"":""2023-10-17""}]"
"Mark Zuckerberg","Working on making social media a safer place for everyone.","","[{""author"":""ConcernedParent"",""text"":""Thank you for addressing this!"",""date"":""2023-10-18""},{""author"":""TechWatcher"",""text"":""Looking forward to the updates."",""date"":""2023-10-19""}]"
"Elon Musk","Neuralink is making progress. Excited about the potential to help people with spinal injuries.","","[{""author"":""BioTechFan"",""text"":""This is groundbreaking!"",""date"":""2023-10-20""},{""author"":""Skeptic"",""text"":""Is it safe?"",""date"":""2023-10-21""}]"
"Barack Obama","Had a great conversation with young leaders about community organizing.","","[{""author"":""Activist"",""text"":""Thank you for your guidance!"",""date"":""2023-10-22""},{""author"":""YouthLeader"",""text"":""Inspired to make a difference!"",""date"":""2023-10-23""}]"
"Satya Nadella","Announcing a partnership with leading universities to advance quantum computing research.","","[{""author"":""QuantumPhysicist"",""text"":""Exciting times ahead!"",""date"":""2023-10-24""},{""author"":""Student"",""text"":""How can we get involved?"",""date"":""2023-10-25""}]"
"Sundar Pichai","Proud to see Google AI being used to improve healthcare outcomes.","","[{""author"":""Doctor"",""text"":""This will help save lives!"",""date"":""2023-10-26""},{""author"":""PrivacyConcerned"",""text"":""Hope patient data is protected."",""date"":""2023-10-27""}]"
"Tim Cook","Celebrating diversity and inclusion at Apple.","","[{""author"":""Employee"",""text"":""Proud to be part of this company!"",""date"":""2023-10-28""},{""author"":""Advocate"",""text"":""Keep up the good work!"",""date"":""2023-10-29""}]"
"Jeff Bezos","Announcing Amazon's new initiative to support small businesses.","","[{""author"":""SmallBizOwner"",""text"":""This is helpful!"",""date"":""2023-10-30""},{""author"":""Critic"",""text"":""Will it really make a difference?"",""date"":""2023-10-31""}]"
"Jack Dorsey","Donating to support global education initiatives.","","[{""author"":""Teacher"",""text"":""Thank you for your generosity!"",""date"":""2023-11-01""},{""author"":""Student"",""text"":""This means a lot!"",""date"":""2023-11-02""}]"
"Donald J. Trump","Our infrastructure plan is moving forward, rebuilding our nation's roads and bridges.","","[{""author"":""ConstructionWorker"",""text"":""Glad to see progress!"",""date"":""2023-11-03""},{""author"":""TaxPayer"",""text"":""How is it being funded?"",""date"":""2023-11-04""}]"
"Bill Gates","Discussing innovative solutions for clean water access worldwide.","","[{""author"":""NGOWorker"",""text"":""Appreciate your involvement!"",""date"":""2023-11-05""},{""author"":""Volunteer"",""text"":""How can we contribute?"",""date"":""2023-11-06""}]"
"Mark Zuckerberg","Launching new features to help small businesses reach their customers.","","[{""author"":""Entrepreneur"",""text"":""This will help us grow!"",""date"":""2023-11-07""},{""author"":""User"",""text"":""Hope it doesn't flood my feed."",""date"":""2023-11-08""}]"
"Elon Musk","Boring Company's tunnel project is progressing. Traffic jams will be a thing of the past.","","[{""author"":""Commuter"",""text"":""Can't wait!"",""date"":""2023-11-09""},{""author"":""Skeptic"",""text"":""Is this practical?"",""date"":""2023-11-10""}]"
"Barack Obama","Remembering the sacrifices of our veterans today.","","[{""author"":""Veteran"",""text"":""Thank you for honoring us."",""date"":""2023-11-11""},{""author"":""Citizen"",""text"":""We owe them so much."",""date"":""2023-11-12""}]"
"Satya Nadella","Excited to see developers creating amazing apps with our new tools.","","[{""author"":""Developer"",""text"":""The tools are fantastic!"",""date"":""2023-11-13""},{""author"":""TechBlogger"",""text"":""Can't wait to review them."",""date"":""2023-11-14""}]"
"Sundar Pichai","Announcing new privacy features in our products to give users more control.","","[{""author"":""PrivacyAdvocate"",""text"":""This is a step in the right direction."",""date"":""2023-11-15""},{""author"":""User"",""text"":""How do I enable them?"",""date"":""2023-11-16""}]"
"Tim Cook","Supporting coding education in schools around the world.","","[{""author"":""Teacher"",""text"":""Our students will benefit greatly!"",""date"":""2023-11-17""},{""author"":""Student"",""text"":""Excited to learn coding!"",""date"":""2023-11-18""}]"
"Jeff Bezos","Amazon Prime Day is coming. Get ready for great deals.","","[{""author"":""Shopper"",""text"":""Can't wait to shop!"",""date"":""2023-11-19""},{""author"":""Budgeter"",""text"":""Time to save up."",""date"":""2023-11-20""}]"
"Jack Dorsey","Testing new features to combat misinformation on our platform.","","[{""author"":""Journalist"",""text"":""An important initiative!"",""date"":""2023-11-21""},{""author"":""User"",""text"":""Hope it works effectively."",""date"":""2023-11-22""}]"
"Donald J. Trump","Working hard to protect our nation's borders.","","[{""author"":""Supporter"",""text"":""Thank you for keeping us safe."",""date"":""2023-11-23""},{""author"":""Critic"",""text"":""At what cost?"",""date"":""2023-11-24""}]"
"Bill Gates","Investing in clean energy startups to fight climate change.","","[{""author"":""Environmentalist"",""text"":""This is crucial work!"",""date"":""2023-11-25""},{""author"":""Investor"",""text"":""Interested in the details."",""date"":""2023-11-26""}]"
"Mark Zuckerberg","Hosting a Q&A session about the future of social media.","","[{""author"":""User"",""text"":""I have so many questions!"",""date"":""2023-11-27""},{""author"":""Analyst"",""text"":""Looking forward to your insights."",""date"":""2023-11-28""}]"
"Elon Musk","Starlink internet is reaching remote areas. Connectivity for all!","","[{""author"":""RuralResident"",""text"":""Finally, high-speed internet!"",""date"":""2023-11-29""},{""author"":""TechEnthusiast"",""text"":""Amazing technology!"",""date"":""2023-11-30""}]"
"Barack Obama","Reflecting on the importance of unity and collaboration.","","[{""author"":""Philosopher"",""text"":""Wise words."",""date"":""2023-12-01""},{""author"":""Citizen"",""text"":""We need more of this."",""date"":""2023-12-02""}]"
"Satya Nadella","Proud of our team for winning the best workplace award.","","[{""author"":""Employee"",""text"":""Glad to be part of this company!"",""date"":""2023-12-03""},{""author"":""JobSeeker"",""text"":""Any openings?"",""date"":""2023-12-04""}]"
"Sundar Pichai","Happy Diwali to everyone celebrating around the world!","","[{""author"":""FestivalLover"",""text"":""Thank you! Happy Diwali!"",""date"":""2023-12-05""},{""author"":""GlobalCitizen"",""text"":""Wishing peace and prosperity."",""date"":""2023-12-06""}]"
"Tim Cook","Our new campus is designed with sustainability in mind.","","[{""author"":""Architect"",""text"":""Looks impressive!"",""date"":""2023-12-07""},{""author"":""Environmentalist"",""text"":""Great to hear!"",""date"":""2023-12-08""}]"
"Jeff Bezos","Blue Origin is partnering with NASA for lunar exploration.","","[{""author"":""SpaceFan"",""text"":""Exciting collaboration!"",""date"":""2023-12-09""},{""author"":""TaxPayer"",""text"":""How is this funded?"",""date"":""2023-12-10""}]"
"Jack Dorsey","Launching a new initiative to support artists on our platform.","","[{""author"":""Artist"",""text"":""This is great news!"",""date"":""2023-12-11""},{""author"":""Follower"",""text"":""Looking forward to discovering new art."",""date"":""2023-12-12""}]"
"Donald J. Trump","Our trade deals are benefiting American businesses.","","[{""author"":""BusinessOwner"",""text"":""We've seen positive impacts."",""date"":""2023-12-13""},{""author"":""Economist"",""text"":""Can we see the data?"",""date"":""2023-12-14""}]"
"Bill Gates","Participated in a panel discussing global health challenges.","","[{""author"":""HealthProfessional"",""text"":""Your insights are valuable."",""date"":""2023-12-15""},{""author"":""Student"",""text"":""Can we watch the recording?"",""date"":""2023-12-16""}]"
"Mark Zuckerberg","Our team is working on new AI tools to improve user experience.","","[{""author"":""AIResearcher"",""text"":""Interested in learning more!"",""date"":""2023-12-17""},{""author"":""User"",""text"":""Hope this enhances the platform."",""date"":""2023-12-18""}]"
"Elon Musk","Our AI day is coming up. Excited to share what we've been working on.","","[{""author"":""AIEnthusiast"",""text"":""Can't wait!"",""date"":""2023-12-19""},{""author"":""Investor"",""text"":""Will this affect stock prices?"",""date"":""2023-12-20""}]"
"Barack Obama","Happy holidays to everyone celebrating around the world.","","[{""author"":""WellWisher"",""text"":""Happy holidays to you too!"",""date"":""2023-12-21""},{""author"":""GlobalCitizen"",""text"":""Peace and joy to all."",""date"":""2023-12-22""}]"
"Satya Nadella","Wishing everyone a prosperous new year filled with innovation.","","[{""author"":""Colleague"",""text"":""Cheers to a great year ahead!"",""date"":""2023-12-23""},{""author"":""TechEnthusiast"",""text"":""Looking forward to new tech."",""date"":""2023-12-24""}]"
"Sundar Pichai","Reflecting on the milestones achieved this year at Google.","","[{""author"":""Employee"",""text"":""Proud to be part of this journey."",""date"":""2023-12-25""},{""author"":""User"",""text"":""Congrats on the successes."",""date"":""2023-12-26""}]"
"Tim Cook","Looking forward to unveiling what we have in store for next year.","","[{""author"":""AppleFan"",""text"":""Can't wait for the new products!"",""date"":""2023-12-27""},{""author"":""Investor"",""text"":""Excited about the prospects."",""date"":""2023-12-28""}]"
"Jeff Bezos","Thankful for our customers and employees who made this year a success.","","[{""author"":""Employee"",""text"":""Glad to be part of the team."",""date"":""2023-12-29""},{""author"":""Customer"",""text"":""Great service this year!"",""date"":""2023-12-30""}]"
"Jack Dorsey","Reflecting on the conversations that shaped this year.","","[{""author"":""User"",""text"":""It's been quite a year!"",""date"":""2023-12-31""},{""author"":""Analyst"",""text"":""Looking forward to new features."",""date"":""2024-01-01""}]"
"Donald J. Trump","Wishing everyone a happy and prosperous new year!","","[{""author"":""Supporter"",""text"":""Happy New Year to you too!"",""date"":""2024-01-02""},{""author"":""Critic"",""text"":""Let's hope for the best."",""date"":""2024-01-03""}]"
"Bill Gates","Setting goals for the foundation to tackle global challenges in the new year.","","[{""author"":""Donor"",""text"":""Happy to support your work."",""date"":""2024-01-04""},{""author"":""Volunteer"",""text"":""Excited to contribute!"",""date"":""2024-01-05""}]"
"Mark Zuckerberg","Looking forward to connecting more people in meaningful ways in the coming year.","","[{""author"":""User"",""text"":""Hope to see improvements."",""date"":""2024-01-06""},{""author"":""TechAnalyst"",""text"":""Eager to see what's next."",""date"":""2024-01-07""}]"
